{"cameraMode":{"drawMode":0,"name":"Shaded","section":"Shading Mode"},"sceneLighting":true,"audioPlay":false,"sceneViewState":{"m_AlwaysRefresh":false,"showFog":false,"showSkybox":false,"showFlares":false,"showImageEffects":false,"showParticleSystems":false,"showVisualEffectGraphs":true,"m_FxEnabled":false},"in2DMode":false,"pivot":{"x":0.38885635137557986,"y":-1.2023309469223023,"z":0.47143077850341799},"rotation":{"x":-0.00905130710452795,"y":0.9828320145606995,"z":-0.1773228794336319,"w":-0.05016793683171272},"size":3.2147104740142824,"orthographic":false}